amount,gas_cost,sq_ft_cleaned,bleach_cost,duration
120,0.7,200,4,2.0
140,1.0,200,7,1.5
170,1.7,400,6,2.5
190,2.4,600,9,1.5
210,1.7,800,8,2.5
240,3.5,600,11,1.5
260,2.0,1300,13,3.0
280,4.0,1500,14,2.5
310,2.5,1300,12,3.0
330,4.0,1900,16,2.0
360,5.0,1800,13,3.5
400,6.0,2500,20,1.5
430,5.0,2200,18,3.0
450,6.5,3000,20,3.0
470,8.0,2800,23,5.0
500,7.0,3500,20,3.5
520,7.5,3200,25,5.0
540,5.0,4000,25,3.5
570,7.5,4000,24,4.5
590,9.0,4100,27,4.0
610,8.0,4400,28,5.5
640,11.0,4300,27,4.5
660,15.0,4500,31,6.0
680,8.0,5100,32,5.5
710,13.0,5400,29,5.0
750,10.0,5000,34,5.3
780,12.0,6100,32,6.0
800,11.0,5700,37,5.2
830,15.0,6500,34,5.5
850,12.0,6800,39,6.7
870,13.0,6300,36,5.5
900,12.0,6900,41,7.0
920,15.0,6700,37,6.0
940,12.0,7500,40,7.0
970,17.0,7200,45,7.3
990,14.0,7600,42,7.2
1000,18.0,7700,48,7.3
1010,20.0,7850,44,7.2
